{
  "_fv": 4,
  "_type": "block",
  "definition": {
    "texture": "cloud",
    "textureTop": "cloud",
    "textureLeft": "cloud",
    "textureFront": "cloud",
    "textureRight": "cloud",
    "textureBack": "cloud",
    "renderType": 10,
    "customModelName": "Normal",
    "rotationMode": 0,
    "oreDictionaryName": "",
    "hasTransparency": false,
    "transparencyType": "SOLID",
    "mx": 0.0,
    "my": 0.0,
    "mz": 0.0,
    "Mx": 1.0,
    "My": 1.0,
    "Mz": 1.0,
    "faceShape": "SOLID",
    "name": "Cloud",
    "specialInfo": [],
    "hardness": 1.0,
    "resistance": 10.0,
    "hasGravity": false,
    "creativeTab": {
      "value": "BUILDING_BLOCKS"
    },
    "destroyTool": "Not specified",
    "affectedBySilkTouch": true,
    "hasCustomDrop": true,
    "customDrop": {
      "value": "Items.SNOWBALL"
    },
    "dropAmount": 1,
    "isBeaconBase": false,
    "enchantPowerBonus": 0.0,
    "plantsGrowOn": false,
    "canProvidePower": false,
    "lightOpacity": 255,
    "material": {
      "value": "GROUND"
    },
    "tickRate": 10,
    "isReplaceable": false,
    "isFlammable": true,
    "colorOnMap": "DEFAULT",
    "creativePickItem": {
      "value": ""
    },
    "isNotColidable": true,
    "soundOnStep": {
      "value": "CLOTH"
    },
    "luminance": 0.0,
    "unbreakable": false,
    "breakHarvestLevel": 1,
    "spawnParticles": true,
    "particleToSpawn": {
      "value": "WATER_DROP"
    },
    "particleSpawningShape": "Spread",
    "particleSpawningRadious": 0.5,
    "particleAmount": 4,
    "particleSpawningCondition": "ALWAYS",
    "hasInventory": false,
    "inventorySize": 9,
    "inventoryStackSize": 64,
    "inventoryDropWhenDestroyed": true,
    "inventoryComparatorPower": true,
    "inventoryOutSlotIDs": [],
    "onRandomUpdateEvent": {
      "name": "CloudRandomTickUpdateEvent"
    },
    "onEntityCollides": {
      "name": "CloudEntityCollidesInTheBlock"
    },
    "spawnWorldTypes": [],
    "restricPerBiome": false,
    "restrictionBiomes": [],
    "blocksToReplace": [
      {
        "value": "Blocks.AIR"
      },
      {
        "value": "Blocks.GRASS"
      },
      {
        "value": "Blocks.DIRT"
      },
      {
        "value": "Blocks.STONE"
      }
    ],
    "frequencyPerChunks": 10,
    "frequencyOnChunk": 12,
    "minGenerateHeight": 162,
    "maxGenerateHeight": 255
  }
}