{
  "_fv": 4,
  "_type": "biome",
  "definition": {
    "name": "Downtown Detroit",
    "groundBlock": {
      "value": "Blocks.GRASS"
    },
    "undergroundBlock": {
      "value": "Blocks.WOOL#1"
    },
    "generateLakes": true,
    "treeType": 1,
    "vanillaTreeType": "Mega spruce trees",
    "treeStructure": "(no schematic)",
    "minHeight": 14,
    "spawnVines": true,
    "treeVines": {
      "value": "Blocks.ACACIA_FENCE"
    },
    "treeStem": {
      "value": "Blocks.RED_NETHER_BRICK"
    },
    "treeBranch": {
      "value": "Blocks.STICKY_PISTON"
    },
    "treeFruits": {
      "value": "Blocks.REDSTONE_BLOCK"
    },
    "customColors": true,
    "airColor": {
      "value": -11317760,
      "falpha": 0.0
    },
    "grassColor": {
      "value": -9491434,
      "falpha": 0.0
    },
    "waterColor": {
      "value": -26112,
      "falpha": 0.0
    },
    "treesPerChunk": 8,
    "grassPerChunk": 10,
    "flowersPerChunk": 10,
    "mushroomsPerChunk": 0,
    "bigMushroomsChunk": 0,
    "sandPathcesPerChunk": 0,
    "gravelPatchesPerChunk": 0,
    "reedsPerChunk": 0,
    "cactiPerChunk": 0,
    "deadBushesPerChunk": 0,
    "rainingPossibility": 0.5,
    "temperature": 0.5,
    "baseHeight": 0.13,
    "heightVariation": 2.0,
    "spawnBiome": true,
    "spawnVillagesInBiome": true,
    "spawnStrongholdsInBiome": true,
    "biomeWeight": 100,
    "biomeType": "WARM",
    "biomeDictionaryTypes": [],
    "entityListSpawnType": 0,
    "spawnList": []
  }
}