{
  "_fv": 4,
  "_type": "potion",
  "definition": {
    "name": "Potion of Autism",
    "effectName": "Autism",
    "icon": "zdumduw.png",
    "color": {
      "value": -11965941,
      "falpha": 0.0
    },
    "isInstant": false,
    "isBad": true,
    "isBenefitical": false,
    "registerPotionType": true,
    "curativeItems": [
      {
        "value": "Items.MILK_BUCKET"
      }
    ],
    "renderStatusInInventory": true,
    "renderStatusInHUD": true,
    "onStarted": {
      "name": "EwiofjoerferPotionStartedapplied"
    },
    "onActiveTick": {
      "name": "EwiofjoerferOnPotionActiveTick"
    },
    "onExpired": {
      "name": "EwiofjoerferPotionExpires"
    }
  }
}