{
  "_fv": 4,
  "_type": "plant",
  "definition": {
    "texture": "driit pklant",
    "plantType": "growapable",
    "growapableSpawnType": "Plains",
    "growapableMaxHeight": 14,
    "name": "Dirt Plant",
    "creativeTab": {
      "value": "DECORATIONS"
    },
    "hardness": 0.01,
    "resistance": 2.0,
    "luminance": 1.0,
    "unbreakable": false,
    "soundOnStep": {
      "value": "GROUND"
    },
    "enableCustomDrop": true,
    "customDrop": {
      "value": "CUSTOM:DirtFruit"
    },
    "dropAmount": 2,
    "oreDictionaryName": "",
    "isReplaceable": false,
    "isFlammable": true,
    "colorOnMap": "DEFAULT",
    "creativePickItem": {
      "value": ""
    },
    "frequencyOnChunks": 20,
    "spawnWorldTypes": [
      "Surface"
    ],
    "restricPerBiome": false,
    "restrictionBiomes": [],
    "onDestroyedByPlayer": {
      "name": "FartPlantDestroyedByPlayer"
    },
    "onEntityCollides": {
      "name": "FartMobplayerCollidesWithPlanslow"
    }
  }
}