{
  "_fv": 4,
  "_type": "gun",
  "definition": {
    "renderType": 0,
    "texture": "nuke",
    "customModelName": "Normal",
    "name": "Nuke Launcher",
    "creativeTab": {
      "value": "COMBAT"
    },
    "stackSize": 1,
    "ammoItem": {
      "value": ""
    },
    "shootConstantly": false,
    "usageCount": 100,
    "actionSound": {
      "value": "entity.arrow.shoot"
    },
    "hasGlow": true,
    "enableMeleeDamage": false,
    "damageVsEntity": 5.0,
    "bulletPower": 1.0,
    "bulletDamage": 5.0,
    "bulletKnockback": 5,
    "bulletParticles": true,
    "bulletIgnitesFire": false,
    "bulletItemTexture": {
      "value": "Blocks.BIRCH_DOOR"
    },
    "bulletModel": "Default",
    "customBulletModelTexture": "",
    "onBulletHitsBlock": {
      "name": "NukeBulletHitsBlock"
    }
  }
}